...1,...2,...3,...4,...5,...6,...7,...8,...9,TRANSPORTATION,...11,...12,...13,...14,...15,...16,...17,PUBLIC SPACE,...19,...20,...21,SOLID WASTE,...23,...24,...25,...26,...27,...28,...29,HOUSING,...31,...32,...33,...34,...35,...36,...37,...38
No.,City,Country,Population,Size,Average HH Size,Number of HH,Average Monthly Household Income of the Lowest Quintile of Population (USD 2019),Area Sq.Km,Current Length of Roads,Paved roads (% total),No. Buses in Operation,Existing Bus Stops in Operation,Existing Bus Terminals in Operation,Average cost of public transit ticket (USD 2019),Total Transportation Cost from 2019-2030 (USD 2019),NA,Existing Open Space (Sq. Km),Cost of Vacant Land (USD2019/Sq. Km),Total Public Space Cost from 2019-2030 (USD 2019),NA,"GDP per capita (projected, constant 2011 international $)",(Projected) Waste Generated per capita (kg/yr),Disposal cost per ton (2019 USD),Collection and Transportation cost per ton (2019 USD),Existing hectares of sanitary landfill,Price land per hectare,Total Solid Waste Cost from 2019-2030 (USD 2019),NA,Percentage of HH in Need of Adequate Housing Upgrades,Average Market Price of an Adequate Home 550 sqft (USD 2019),Average Monthly Rent of an Adequate Home 550 SqFt per month (USD 2019.),Total Housing Cost from 2019-2030 (USD 2019),NA,Total Governance Cost from 2019-2030 (USD 2019),NA,Latitute (Decimal),Longitude (Decimal)
1,Sucre,Bolivia,265028.74551111902,Medium,3.6769491146556486,72078.437108297963,468.8029792149182,34.052254615026783,637.73787600000003,0.10811765745075523,42,0,0,0.22,1536101875.6460705,NA,0.48152480669100001,112666666.66666667,372529500.65645623,NA,7332.1515286784361,189.38701711158538,12.536338246924021,24.26234284290619,0,7700,30570436.600731175,NA,0.29545180282922212,38540.810000000005,1075,1035563482.632672,NA,55865200,NA,-19.040970846699999,-65.259515626699994
2,La Paz,Bolivia,842200.26293095062,Medium,3.3070982737810106,254664.41974464271,524.18975366229711,90.663333133777869,1668.5831900000001,0.10811765745075523,98,0,1,0.36,4865477003.7157965,NA,4.3641126541710005,250000000,1469382968.2288766,NA,7332.1515286784361,238.79232592330331,12.536338246924021,24.26234284290619,0,7700,122488183.73800626,NA,0.23799410516137157,44525.250000000007,1714.41,4414594637.4068813,NA,55865200,NA,-16.497973613700001,-68.149985190500004
3,El Alto,Bolivia,939905.45983825868,Medium,3.2836322428840261,286239.56348191306,524.18975366229711,163.09566023144248,3643.723684,0.10811765745075523,0,0,0,0.28999999999999998,5113470681.236496,NA,0.52077137448099997,148489405.06416112,1802387546.3408322,NA,7332.1515286784361,156.4501445704401,12.536338246924021,24.26234284290619,0,7700,89560930.635592163,NA,0.48121528157984184,38540.810000000005,1566.3,5280520611.1374655,NA,118124600,NA,-16.490107999999999,-68.208178000000004
4,Viacha,Bolivia,69896.92276964114,Small,3.1216650512676596,22390.910498631842,524.18975366229711,21.789563822271017,482.31696199999999,0.10811765745075523,5,0,0,0.28999999999999998,6749334.0128200017,NA,4.4427618498999996E-2,148489405.06416112,133145552.62393023,NA,7332.1515286784361,102.92772669107902,12.536338246924021,24.26234284290619,0,7700,4381763.0989313712,NA,0.69096065060847545,38540.810000000005,1566.3,463369296.33604205,NA,16247200,NA,-16.650005677500001,-68.299950197000001
5,Cochabamba,Bolivia,701436.41293779213,Medium,3.499256931524287,200452.96091826109,474.2370659555292,134.04213373470196,2447.370347,0.10811765745075523,126,0,1,0.28999999999999998,4298257657.3196354,NA,7.1776520242890003,119387755.10204081,276769771.40994942,NA,7332.1515286784361,247.02654405858962,12.536338246924021,24.26234284290619,0,7700,105533510.84437338,NA,0.44546506945213082,30956.309999999998,1181.08,3044357730.7460241,NA,55865200,NA,-17.410010967200002,-66.169976848999994
6,Quillacollo,Bolivia,130805.21158969078,Medium,3.7482185273159367,34897.968364549743,474.2370659555292,24.899312649963424,371.35716600000001,0.10811765745075523,79,0,0,0.28999999999999998,869081506.52633619,NA,0.81946120920999999,196043165.46762589,161093544.2507143,NA,7332.1515286784361,222.32388965273066,12.536338246924021,24.26234284290619,0,7700,17712082.898842752,NA,0.35205439633279956,38540.810000000005,1566.3,595361023.51845336,NA,55865200,NA,-17.3999857393,-66.279995973400005
7,Tiquipaya,Bolivia,54907.357375989719,Small,3.862113298513461,14216.920409125161,474.2370659555292,15.517174924235158,202.292317,0.10811765745075523,0,0,0,0.28999999999999998,163366344.9828977,NA,0.76316986217600002,148489405.06416112,19090687.975806694,NA,7332.1515286784361,222.32388965273066,12.536338246924021,24.26234284290619,0,7700,7434899.9843410105,NA,0.48923380514187254,38540.810000000005,1566.3,264488869.75962928,NA,16247200,NA,-17.334811,-66.215763999999993
8,Colcapirhua,Bolivia,57700.837021763495,Small,3.8002825488883709,15183.301841238541,474.2370659555292,11.342463341184736,191.31908899999999,0.10811765745075523,0,0,0,0.28999999999999998,68399698.489169225,NA,0.31195647948600003,148489405.06416112,66900239.438438803,NA,7332.1515286784361,189.38701711158538,12.536338246924021,24.26234284290619,0,7700,6655654.5652476735,NA,0.2872689058882727,38540.810000000005,1566.3,247958183.23549849,NA,16247200,NA,-17.393631,-66.230841999999996
9,Sacaba,Bolivia,166598.81987568605,Medium,3.6804514106582928,45265.865864504878,474.2370659555292,44.25241110496448,695.62684200000001,0.10811765745075523,0,0,1,0.28999999999999998,1222719472.1467028,NA,1.0562045041570001,148489405.06416112,168863425.7801477,NA,7332.1515286784361,160.56725363808326,12.536338246924021,24.26234284290619,0,7700,16292485.998471197,NA,0.47148811289693543,38540.810000000005,1566.3,833077799.60977829,NA,55865200,NA,-17.404019,-66.040205999999998
10,Oruro,Bolivia,294045.64075893606,Medium,3.4135915669485275,86139.666973043553,490.99634448579741,60.711334396428164,1168.5637429999999,0.10811765745075523,82,0,1,0.28999999999999998,1734801613.1503072,NA,0.41417988553899998,242734319.94362226,779368820.14943683,NA,7332.1515286784361,205.85545338215803,12.536338246924021,24.26234284290619,0,7700,36866811.499711782,NA,0.48381643195134111,38540.810000000005,1566.3,1595376662.6026914,NA,55865200,NA,-17.9799503389,-67.129995769900006
11,Potos√≠,Bolivia,195357.12125879695,Medium,3.70474528057925,52731.593257675238,447.91952147552081,18.796812094122206,396.95655099999999,0.10811765745075523,75,0,1,0.28999999999999998,1030354956.43767,NA,0.13483227084899999,148489405.06416112,370467054.48656374,NA,7332.1515286784361,205.85545338215803,12.536338246924021,24.26234284290619,0,7700,24493456.682389297,NA,0.29783692075693363,38540.810000000005,1566.3,869254102.41847205,NA,55865200,NA,-19.569569072699998,-65.750028322000006
12,Tarija,Bolivia,199284.86240555637,Medium,3.6205289672544043,55043.023880756919,607.11381923777901,40.618442607270801,690.70064000000002,0.10811765745075523,53,0,1,0.28999999999999998,1282254009.9134173,NA,2.0838130428269999,32000000,70438842.509446606,NA,7332.1515286784361,214.08967151744434,12.536338246924021,24.26234284290619,0,7700,25985344.777132206,NA,0.2670215977486764,38540.810000000005,1566.3,876750077.09625268,NA,55865200,NA,-21.516685365000001,-64.749986004299998
13,Yacuiba,Bolivia,68718.267472139458,Small,3.8978924903294598,17629.595388438025,537.70000000000005,11.313206433964337,199.78506100000001,0.10811765745075523,0,0,0,0.28999999999999998,57699078.331818923,NA,0.32944027672899995,148489405.06416112,86249502.585359558,NA,7332.1515286784361,193.50412617922854,12.536338246924021,24.26234284290619,0,7700,8098803.9901790004,NA,0.29374107853864467,38540.810000000005,1566.3,288335361.71828997,NA,16247200,NA,-22.022725,-63.677357999999998
14,Santa Cruz de la Sierra,Bolivia,1600835.8629898746,Large,3.9042714396748277,410021.66158898064,655.73597732227154,324.99686761489022,4976.1433619999998,0.10811765745075523,331,0,1,0.28999999999999998,10995006937.573452,NA,20.624841791765,108333333.33333333,556593131.0725379,NA,7332.1515286784361,234.67521685566015,12.536338246924021,24.26234284290619,0,7700,228808676.74001437,NA,0.41107837187012192,40860.820000000007,1944.84,8004622126.1619339,NA,165095600,NA,-17.753917624100001,-63.225996339600002
15,La Guardia,Bolivia,82734.498877176025,Small,4.104939651318781,20154.863628895535,655.73597732227154,34.704181500172893,507.24936100000002,0.10811765745075523,0,0,0,0.28999999999999998,300845918.01740211,NA,1.688396291294,148489405.06416112,28765880.901592501,NA,7332.1515286784361,177.03568990865591,12.536338246924021,24.26234284290619,0,7700,8920843.5922045968,NA,0.68942457589288675,38540.810000000005,1566.3,415554656.61368704,NA,16247200,NA,-17.891236,-63.323918999999997
16,Warnes,Bolivia,86476.895923480828,Small,4.0784355517664235,21203.447946119086,655.73597732227154,56.436690729926241,811.57580499999995,0.10811765745075523,0,0,0,0.28999999999999998,642953277.31529975,NA,3.838561813059,148489405.06416112,30067071.447029814,NA,7332.1515286784361,197.62123524687169,12.536338246924021,24.26234284290619,0,7700,10408596.149727153,NA,0.69108016876680733,38540.810000000005,1566.3,437569504.47489631,NA,22600200,NA,-17.522567,-63.167541999999997
17,Montero,Bolivia,119084.1394645351,Medium,4.0613743798101138,29321.143122516762,655.73597732227154,33.971272482495039,467.24688400000002,0.10811765745075523,23,0,0,0.28999999999999998,957689833.89229929,NA,1.866970792936,126750000,41404253.601522177,NA,7332.1515286784361,168.80147177336957,12.536338246924021,24.26234284290619,0,7700,12243021.385893499,NA,0.5532732139432649,38540.810000000005,1566.3,559620167.06781113,NA,55865200,NA,-17.3496012178,-63.260025270200003
18,Trinidad,Bolivia,112791.31880838201,Medium,4.1813012995896246,26975.171298813591,508.1437756387196,29.25232381721273,384.35381699999999,0.10811765745075523,2,0,0,0.28999999999999998,910553515.48453784,NA,2.4912131370320001,148489405.06416112,39216308.64522633,NA,7332.1515286784361,181.15279897629907,12.536338246924021,24.26234284290619,0,7700,12444549.509900559,NA,0.63520989062427891,38540.810000000005,1566.3,544952179.85868561,NA,55865200,NA,-14.8333723767,-64.899976848999998
19,Riberalta,Bolivia,87425.813324011848,Small,4.4990268357417103,19432.160890767129,537.70000000000005,20.161748360236114,285.22659174900002,0.10811765745075523,0,0,0,0.28999999999999998,325921938.37178642,NA,1.69330868166,148489405.06416112,30396999.654725213,NA,7332.1515286784361,181.15279897629907,12.536338246924021,24.26234284290619,0,7700,9645909.5775120724,NA,0.79919366423182758,38540.810000000005,1566.3,427673569.96701717,NA,22600200,NA,-10.983013082999999,-66.100006959699996
20,Cobija,Bolivia,48966.357557226496,Small,3.5639434677697377,13739.375497970204,588.79301505756246,15.375741198558158,215.929237,0.10811765745075523,2,0,1,0.28999999999999998,170608068.65795857,NA,1.403877150594,148489405.06416112,17025067.278972194,NA,7332.1515286784361,177.03568990865591,12.536338246924021,24.26234284290619,0,7700,5279795.2846305212,NA,0.68015421574390733,38540.810000000005,1566.3,283055297.30587184,NA,16247200,NA,-11.033345928099999,-68.733308758199996
1,Bogota,Colombia,7289191.0349999992,Large,2.8458153079093123,2561371.7849999997,91.36,418.2688494446499,13984,0.24309999999999998,5562,853,9,0.68340000000000001,41907269990.324226,NA,31.122003899999999,129084677.9892713,5651280676.478447,NA,15545.345840954085,317.8,2.2291759999999998,48.483938529092256,0,147636.26490038747,1736672135.8726153,NA,4.5100000000000001E-2,70422,377.07,83024497245.866348,NA,131000000,NA,4.5964235625300001,-74.083343955199993
2,Medellin,Colombia,2407914.9499999997,Large,2.6591126390039355,905533.2649999999,73.64,119.58406164038337,1803,1.2716665078407074E-2,4664,0,2,0.75480000000000003,13912371723.502945,NA,3.6,116712629.12579241,2179535178.5979972,NA,15545.345840954085,142.4,2.2291759999999998,48.483938529092256,0,97831.088854333517,255660974.27286649,NA,7.2700000000000001E-2,55808.5,233.28,17650389340.960693,NA,131000000,NA,6.2750032744600004,-75.575010011499998
3,Cali,Colombia,1850212.0349999999,Large,2.6407866430045996,700629.125,61.12,224.70642399999997,966.67,0,841,0,2,0.61199999999999999,14468960357.968973,NA,0.24,288914162.47658747,3302595510.8638783,NA,15545.345840954085,105.88316888735589,2.2291759999999998,48.483938529092256,0,82508.672071698849,145824199.95880231,NA,5.7200000000000001E-2,48180,182.97,13250689510.344465,NA,131000000,NA,3.3999591256800001,-76.499966473100002
4,Barranquilla,Colombia,1136904.5449999999,Large,3.2280741697119208,352192.82,42.71,154,3916,0.39791937581274395,2043,0,2,0.6804,6411542310.9096375,NA,1.5,14865887.26938308,564793256.97004724,NA,15545.345840954085,364.70869283422587,2.2291759999999998,48.483938529092256,0,262569.03377513005,314758847.55894446,NA,0.12279999999999999,51320.5,249.18,8450784037.7438993,NA,131000000,NA,10.959988625999999,-74.799966879999999
5,Bucaramanga,Colombia,536787.82499999995,Medium,2.791645991913092,192283.62999999998,61.2,76.806648999999993,165,0.22568307682893241,552,0,1,0.71399999999999997,4505280202.0180378,NA,2.3775840000000001,199857082.58952367,514491970.68265486,NA,15545.345840954085,139.06651036916537,2.2291759999999998,48.483938529092256,0,35009.204503350673,55275017.151325792,NA,4.9200000000000001E-2,67314.5,147.03,5224236997.8513718,NA,44500000,NA,7.1300931995900001,-73.125883017700005
6,Cartagena,Colombia,901265.19,Medium,3.0151582035627214,298911.40999999997,55.55,116.91803899999999,1834.4,0,925,0,1,0.68340000000000001,5519697802.9102764,NA,8.1380356199999984,31126256.215101376,359307143.68424839,NA,15545.345840954085,139.06651036916537,2.2291759999999998,48.483938529092256,0,116697.34834450224,93645785.801238433,NA,0.24579999999999999,81136,219.56,9487891786.1084461,NA,79500000,NA,10.3997385853,-75.514393556399995
7,Cucuta,Colombia,638855.21,Medium,2.7144187891908675,235356.16999999998,59.47,92.766498999999996,998,0.27351687318219853,463,0,0,0.67714285714285716,4547228465.6808414,NA,0,167158533.54904932,786269741.3731308,NA,15545.345840954085,139.06651036916537,2.2291759999999998,48.483938529092256,0,388991.16114834079,68362981.215082258,NA,0.159,27258,94.1,2475235553.3387113,NA,44500000,NA,7.9200191436000003,-72.519976849000003
8,Pereira,Colombia,415815.05,Medium,2.3617684870776379,176060.88500000001,75.66,39.199250999999997,450.2,0.25862440242904527,978,0,2,0.61199999999999999,2511072929.5844693,NA,1.43967015,37178889.084730625,223265693.01376122,NA,15545.345840954085,139.06651036916537,2.2291759999999998,48.483938529092256,0,150613.7419565586,43365936.06761574,NA,6.3799999999999996E-2,27412.000000000004,125.46,1676317146.1841295,NA,44500000,NA,4.8103898304400001,-75.679990683699998
9,Santa Marta,Colombia,487050.79499999993,Medium,2.7429262269780841,177566.12999999998,65.935833333333335,47.234957999999992,76,0.69732360097323598,144,0,1,0.67714285714285716,3856511876.4322739,NA,0,214185190.32380646,707006742.06211448,NA,15545.345840954085,139.06651036916537,2.2291759999999998,48.483938529092256,0,30870.243745406406,50130433.99056299,NA,0.30480000000000002,43485.750000000007,136.37500000000003,3121259069.7822356,NA,44500000,NA,11.2472062367,-74.201657146900004
10,Ibague,Colombia,508196.29,Medium,2.5116430728482135,202336.19,62.81,27.319750999999997,175,0,228,0,1,0.67714285714285716,3427681893.7610884,NA,0.71528320000000012,275616606.08399183,791545581.49638414,NA,15545.345840954085,139.06651036916537,2.2291759999999998,48.483938529092256,0,106264.06350823946,52743600.512545332,NA,9.1300000000000006E-2,35755.5,125.46,2591118927.6066866,NA,44500000,NA,4.4389137969099997,-75.232214397899995
11,Pasto,Colombia,357610.88999999996,Medium,2.693850400263019,132750.83499999999,65.935833333333335,28.674206300180991,43,9.6048223000780197E-2,215,0,1,0.67714285714285716,2662750077.3171773,NA,0.98012420000000011,228600589.123835,436607597.51829028,NA,15545.345840954085,139.06651036916537,2.2291759999999998,48.483938529092256,0,83492.346266214605,37022138.562387079,NA,0.12640000000000001,43485.750000000007,136.37500000000003,2095083330.9344501,NA,44500000,NA,1.2136067900600001,-77.281107423600005
12,Manizales,Colombia,406442.54,Medium,2.5280688906285511,160771.94,89.08,17.374026999999998,639,0,245,0,1,0.67714285714285716,2369433803.2269258,NA,6.27,149011665.26437166,148365487.53123075,NA,15545.345840954085,139.06651036916537,2.2291759999999998,48.483938529092256,0,46131.92051743604,41904413.662692189,NA,5.4100000000000002E-2,43485.750000000007,136.37500000000003,2080122879.3851426,NA,44500000,NA,5.0599869984100003,-75.520000449299999
13,Villavicencio,Colombia,457980.17999999993,Medium,2.4075040417460345,190230.28499999995,71.48,82.9,4.38,0.2623597168770353,191,0,1,0.67714285714285716,4452749910.9303646,NA,2.3719999999999999,50749330.785491377,241900732.79233062,NA,15545.345840954085,139.06651036916537,2.2291759999999998,48.483938529092256,0,16674.425234301183,47064190.594088644,NA,0.13980000000000001,43485.750000000007,136.37500000000003,3173830674.0529509,NA,44500000,NA,4.15332399385,-73.634999228599995
14,Neiva,Colombia,319243.88999999996,Medium,2.4590017825311943,129826.61999999998,65.935833333333335,25.496505999999997,16,0.2998073635944325,110,0,1,0.67714285714285716,2444924224.5903683,NA,1.0117422,149011665.26437166,291216113.38819295,NA,15545.345840954085,139.06651036916537,2.2291759999999998,48.483938529092256,0,106264.06350823946,33133008.901404943,NA,8.9700000000000002E-2,43485.750000000007,136.37500000000003,1944340519.2183313,NA,44500000,NA,2.9310471790600001,-75.330244589900005
15,Armenia,Colombia,279775.61499999999,Medium,2.4536973570595619,114022.05499999999,65.935833333333335,19.38,3.2571428571428571,0,129,0,1,0.67714285714285716,2075578950.9887867,NA,0.66448839999999987,357146242.43119389,483781773.646734,NA,15545.345840954085,86.182092142538806,2.2291759999999998,48.483938529092256,0,106264.06350823946,17994617.434809599,NA,0.44469999999999998,43485.750000000007,136.37500000000003,1475480632.9017761,NA,44500000,NA,4.5342826527,-75.681127565200001
16,Valledupar,Colombia,466239.23499999993,Medium,3.2379076029492619,143993.99,65.935833333333335,31.656284999999997,582,0.12113571585178684,29,0,1,0.67714285714285716,2905448106.796464,NA,2.7181733699999997,71049063.099687919,257139936.55626696,NA,15545.345840954085,139.06651036916537,2.2291759999999998,48.483938529092256,0,106264.06350823946,48389050.526352227,NA,0.25159999999999999,43485.750000000007,136.37500000000003,2176077663.7022004,NA,44500000,NA,10.479992084699999,-73.250009808000001
17,Monteria,Colombia,440228.84499999997,Medium,3.2463324451363733,135608.06,47.15,25.896000000000001,961.78647000000012,0.1541042849767682,59,0,0,0.67714285714285716,2766257921.1614442,NA,0.89543200000000001,149011665.26437166,438369757.15620941,NA,15545.345840954085,139.06651036916537,2.2291759999999998,48.483938529092256,0,106264.06350823946,45689539.242364869,NA,0.62250000000000005,43485.750000000007,136.37500000000003,2659510254.4535918,NA,44500000,NA,8.7575390817599992,-75.890003704500003
18,Sincelejo,Colombia,278741.32999999996,Medium,3.2199371541131225,86567.319999999992,65.935833333333335,16.261485999999998,512,0.96085106382978724,29,0,0,0.67714285714285716,1734352343.8658822,NA,89.246024000000006,128013766.9712504,101750159.61802049,NA,15545.345840954085,139.06651036916537,2.2291759999999998,48.483938529092256,0,106264.06350823946,28929414.962583784,NA,0.26929999999999998,43485.750000000007,136.37500000000003,1529844496.3116074,NA,44500000,NA,9.2904264515499992,-75.379957317800006
19,Popayan,Colombia,281429.05,Medium,2.5344143617118515,111043.03,65.935833333333335,33.110705594037988,302,0.59829682288778718,124,0,1,0.67714285714285716,2033575037.954556,NA,4.4800000000000004,149011665.26437166,102731269.73544925,NA,15545.345840954085,139.06651036916537,2.2291759999999998,48.483938529092256,0,106264.06350823946,29208362.355075728,NA,9.11E-2,22038.5,106.64,1066609623.4088931,NA,44500000,NA,2.4199931019099998,-76.610011435600001
20,Tunja,Colombia,170510.86499999999,Medium,2.6024941905499612,65518.25,65.935833333333335,15,90,0.27667969837446593,95,0,0,0.67714285714285716,1223017014.4484208,NA,0,27458432.914797962,97983878.671425343,NA,15545.345840954085,139.06651036916537,2.2291759999999998,48.483938529092256,0,175046.02251675338,17830303.89900957,NA,8.3699999999999997E-2,43485.750000000007,136.37500000000003,927404795.734074,NA,44500000,NA,5.5504480172899999,-73.370028321999996
21,Riohacha,Colombia,180236.59499999997,Medium,3.3084232295567606,54478.094999999987,65.935833333333335,35.084811999999992,335.75,0.24309999999999998,6,0,1,0.67714285714285716,1465684007.9918225,NA,0.40313700000000002,149011665.26437166,176785882.96840632,NA,15545.345840954085,139.06651036916537,2.2291759999999998,48.483938529092256,0,106264.06350823946,18706014.09628832,NA,0.38469999999999999,43485.750000000007,136.37500000000003,1422636174.7908022,NA,44500000,NA,11.540340798900001,-72.909978883500003
22,Florencia,Colombia,159140.83499999999,Medium,2.4748082204754236,64304.310000000005,65.935833333333335,31.3,283.5,0.19635816677681817,24,0,1,0.67714285714285716,1305380315.9850934,NA,0.29817149999999998,149011665.26437166,160347813.67049769,NA,15545.345840954085,105.13454970885643,2.2291759999999998,48.483938529092256,0,106264.06350823946,12486560.264880843,NA,0.25540000000000002,43485.750000000007,136.37500000000003,1168577219.4925251,NA,44500000,NA,1.6104042754100001,-75.619994345799995
23,Quibdo,Colombia,122489.18499999998,Medium,2.7568018275271275,44431.624999999993,65.935833333333335,14.881089649499996,116.06,0.24309999999999998,20,0,1,0.67714285714285716,929413524.9595294,NA,0.44056059999999997,149011665.26437166,107879851.38760877,NA,15545.345840954085,103.17956841261736,2.2291759999999998,48.483938529092256,0,106264.06350823946,9432073.5382647328,NA,0.83079999999999998,43485.750000000007,136.37500000000003,857921957.85769403,NA,44500000,NA,5.6904136341499996,-76.660008383900006
24,Arauca,Colombia,76871.024999999994,Small,2.845682723378673,27013.209999999995,65.935833333333335,8.4987556442699983,26.5,0.24309999999999998,0,0,1,0.67714285714285716,564502876.6916399,NA,0.19193240000000003,39075913.330067329,43585339.511474714,NA,15545.345840954085,104.54015558335594,2.2291759999999998,48.483938529092256,0,67524.852942023048,5971862.9308395498,NA,0.2409,43485.750000000007,136.37500000000003,609721911.89349186,NA,13000000,NA,7.09066408175,-70.761634563900003
25,Yopal,Colombia,159296.12999999998,Medium,2.502264030612245,63660.799999999988,65.935833333333335,22.498002944169993,339,0.16412495956375062,0,0,1,0.67714285714285716,1074689474.7986426,NA,0.16813459999999997,149011665.26437166,170099045.46966803,NA,15545.345840954085,104.21783239039596,2.2291759999999998,48.483938529092256,0,106264.06350823946,12389762.667070623,NA,0.15759999999999999,43485.750000000007,136.37500000000003,1141185797.3973312,NA,44500000,NA,5.3469990949200001,-72.405998600499998
26,Leticia,Colombia,43486.659999999996,Small,3.6899491861166136,11785.164999999999,65.935833333333335,3.7,40.826000000000001,0.24309999999999998,0,0,0,0.67714285714285716,217264066.23228019,NA,0.58354320000000004,39075913.330067329,15874124.57368481,NA,15545.345840954085,105.29224303359591,2.2291759999999998,48.483938529092256,0,67524.852942023048,3402643.4806754296,NA,0.46189999999999998,43485.750000000007,136.37500000000003,219106352.66087472,NA,13000000,NA,-4.2200150361300004,-69.939979290400004
27,San Andres,Colombia,8155.5249999999996,Small,2.667113684852179,3057.8092888650181,65.935833333333335,0.60295970653899977,0,0.24309999999999998,78,0,0,0.67714285714285716,41054262.768728524,NA,0,49697297.158308133,5538362.5575406877,NA,15545.345840954085,104.26566913275018,2.2291759999999998,48.483938529092256,0,67524.852942023048,631912.97817363439,NA,0.37209999999999999,43485.750000000007,136.37500000000003,40208343.747341894,NA,13000000,NA,12.5621371089,-81.690326582400004
28,San Jose del Guaviare,Colombia,48807.289999999994,Small,2.5363152064982328,19243.384999999998,65.935833333333335,5.2,124.62,0.24309999999999998,0,0,0,0.67714285714285716,221967238.15644485,NA,0.65610999999999997,39075913.330067329,17816337.275936134,NA,15545.345840954085,152.87183278182917,2.2291759999999998,48.483938529092256,0,67524.852942023048,5544676.1296768989,NA,0.58460000000000001,43485.750000000007,136.37500000000003,490818504.55603516,NA,13000000,NA,2.5699839466399998,-72.639995362999997
29,Mocoa,Colombia,49148.329999999994,Small,2.6066968130921619,18854.64,65.935833333333335,3.28,69.7,0.3519319562575941,0,0,0,0.67714285714285716,229173435.09436199,NA,2.1528180000000001E-2,39075913.330067329,30388176.818538148,NA,15545.345840954085,152.87183278182917,2.2291759999999998,48.483938529092256,0,67524.852942023048,5583419.4474735847,NA,0.32069999999999999,43485.750000000007,136.37500000000003,271704501.87111139,NA,13000000,NA,1.14999310191,-76.629984376699994
30,Puerto Carreno,Colombia,20084.82,Small,2.8820273812991553,6968.99,65.935833333333335,3.4,76.2,0.24309999999999998,0,0,0,0.67714285714285716,77259591.939509392,NA,3.1840000000000002E-3,39075913.330067329,12558232.274091229,NA,15545.345840954085,152.87183278182917,2.2291759999999998,48.483938529092256,0,67524.852942023048,2281704.6802405375,NA,0.73340000000000005,43485.750000000007,136.37500000000003,157680034.34946302,NA,13000000,NA,6.1850346058400003,-67.493022706800005
31,Inirida,Colombia,30555.559999999998,Small,3.407,8968.4649251540941,65.935833333333335,3.63,83,0.24309999999999998,0,0,0,0.67714285714285716,109342566.53712328,NA,3.6635799999999996E-2,39075913.330067329,18312955.537156083,NA,15545.345840954085,152.87183278182917,2.2291759999999998,48.483938529092256,0,67524.852942023048,3471216.7825935483,NA,0.7238,43485.750000000007,136.37500000000003,169492103.73358694,NA,13000000,NA,3.85403993623,-67.906098268299999
32,Mitu,Colombia,28124.634999999998,Small,4.9791554357592096,5648.4749999999995,65.935833333333335,3.1,0,0.24309999999999998,0,0,1,0.67714285714285716,180496377.37873745,NA,0.11183210999999998,39075913.330067329,14909603.988994818,NA,15545.345840954085,152.87183278182917,2.2291759999999998,48.483938529092256,0,67524.852942023048,3195055.3357987185,NA,0.38299999999999995,43485.750000000007,136.37500000000003,153651737.79937848,NA,13000000,NA,1.1983105661,-70.173608440799995
33,Cartago,Colombia,120585.04499999998,Medium,2.6362587373793409,45740.974999999991,40.760000000000005,12.015102013299996,180,0,0,0,1,0.67714285714285716,810422297.96734524,NA,0.1,149011665.26437166,130770745.64293855,NA,15545.345840954085,200.00154123167223,2.2291759999999998,48.483938529092256,0,106264.06350823946,17998757.196362302,NA,4.3700000000000003E-2,43485.750000000007,136.37500000000003,890770221.71401846,NA,44500000,NA,4.7499800810900004,-75.910028322000002
34,Ipiales,Colombia,107099.75499999999,Medium,2.8808529227072923,37176.404999999999,40.760000000000005,8.2342029393899967,115.86,0.45299999999999996,0,0,1,0.67714285714285716,720026681.79418504,NA,0,149011665.26437166,122685072.45848671,NA,15545.345840954085,139.06651036916537,2.2291759999999998,48.483938529092256,0,106264.06350823946,11115442.603312748,NA,0.28489999999999999,43485.750000000007,136.37500000000003,731480974.1402998,NA,44500000,NA,0.83037436817999999,-77.649999635499995
35,Bello,Colombia,489129.51499999996,Medium,2.7382605632202197,178627.81999999998,40.760000000000005,24.726831923274581,280,1.2716665078407074E-2,0,0,3,0.67714285714285716,3306855686.0408478,NA,0.85996799999999995,149011665.26437166,496997391.7486158,NA,15545.345840954085,139.06651036916537,2.2291759999999998,48.483938529092256,0,106264.06350823946,50764738.440052472,NA,7.7699999999999991E-2,43485.750000000007,136.37500000000003,2441488406.1627541,NA,44500000,NA,6.3299869984099999,-75.569997397600005
36,Buenaventura,Colombia,262321.67499999999,Medium,2.7303604631507774,96075.839999999997,27.28,25.407115316792478,316.39999999999998,0,0,0,1,0.67714285714285716,1852112729.2210898,NA,0.39193699999999998,149011665.26437166,271640653.13941252,NA,15545.345840954085,225.96325482363201,2.2291759999999998,48.483938529092256,0,106264.06350823946,44237209.604463533,NA,0.43240000000000001,43485.750000000007,136.37500000000003,1748447399.9898877,NA,44500000,NA,3.8724024245400002,-77.050453286199996
37,Sogamoso,Colombia,122268.93,Medium,2.4882673717260184,49138.179999999993,40.760000000000005,33.664331695979989,214.19,0.27667969837446593,0,0,1,0.67714285714285716,1229097400.4982245,NA,0,149011665.26437166,140061688.62357938,NA,15545.345840954085,139.06651036916537,2.2291759999999998,48.483938529092256,0,19114.220849530542,12568328.841882372,NA,0.11550000000000001,43485.750000000007,136.37500000000003,738907965.70601773,NA,44500000,NA,5.7199983916399999,-72.940002890700001
38,El Banco,Colombia,37180.140301499989,Small,3.5815854318168161,10380.916778143073,40.760000000000005,3.6,66.8,0.69732360097323598,0,0,0,0.67714285714285716,148946524.03071111,NA,1.7395500000000001E-2,39075913.330067329,22960650.750217047,NA,15545.345840954085,305.24860739332746,2.2291759999999998,48.483938529092256,0,67524.852942023048,8203971.4204903459,NA,0.61460000000000004,43485.750000000007,136.37500000000003,246145211.4981091,NA,13000000,NA,9.0003407988799999,-73.980016928799998
39,Arjona,Colombia,68124.76999999999,Small,3.4614749871067563,19680.849999999995,40.760000000000005,5.87,87.5,0.8,0,0,3,0.67714285714285716,387256558.06112599,NA,0,39075913.330067329,42864798.708434418,NA,15545.345840954085,152.87183278182917,2.2291759999999998,48.483938529092256,0,67524.852942023048,7739208.3448748933,NA,0.74680000000000002,43485.750000000007,136.37500000000003,416898510.72057366,NA,13000000,NA,10.2600313506,-75.349984987100001
40,Sabanalarga,Colombia,3174.6795464999987,Small,3.9153259949195598,810.8340277717341,40.760000000000005,0.2,21.97,0.16412495956375062,0,0,0,0.67714285714285716,10393466.493796181,NA,1.2144E-3,39075913.330067329,1967279.5043730941,NA,15545.345840954085,158.5707051393909,2.2291759999999998,48.483938529092256,0,67524.852942023048,363900.18354231317,NA,0.7802,43485.750000000007,136.37500000000003,13195691.341788922,NA,13000000,NA,10.6399823191,-74.919985393999994
41,Chiquinquira,Colombia,53105.814999999995,Small,2.524,21040.338748019014,40.760000000000005,4,105,0.27667969837446593,0,0,2,0.67714285714285716,245397362.87847888,NA,8.8141880000000006E-2,39075913.330067329,31218344.72491356,NA,15545.345840954085,152.87183278182917,2.2291759999999998,48.483938529092256,0,67524.852942023048,6033003.3644059608,NA,9.9499999999999991E-2,43485.750000000007,136.37500000000003,317447452.7638979,NA,13000000,NA,5.6203920684000002,-73.819949179800005
42,Pamplona,Colombia,46203.814999999995,Small,2.7236881469514751,16963.694999999996,40.760000000000005,5.0999999999999996,6.4969999999999999,0.27351687318219853,0,0,0,0.67714285714285716,330692138.64825881,NA,0,39075913.330067329,29071910.694696553,NA,15545.345840954085,152.87183278182917,2.2291759999999998,48.483938529092256,0,67524.852942023048,5248912.4089968419,NA,9.2499999999999999E-2,43485.750000000007,136.37500000000003,284183098.15113145,NA,13000000,NA,7.3903873890399998,-72.660019980499996
43,Guapi,Colombia,24397.554999999997,Small,3.4114391143911438,7151.69,40.760000000000005,4.3615375600657629,0,0.59829682288778718,0,0,0,0.67714285714285716,208265840.37793005,NA,0,39075913.330067329,15351189.942409461,NA,15545.345840954085,152.87183278182917,2.2291759999999998,48.483938529092256,0,67524.852942023048,2771646.2198777944,NA,0.85450000000000004,43485.750000000007,136.37500000000003,149531720.98970973,NA,13000000,NA,2.5603979684499998,-77.859986818099998
44,Ocana,Colombia,92969.172964499958,Small,2.919,31849.665284172646,40.760000000000005,10.635261242822136,118.2,0.27351687318219853,48.2,0,1,0.67714285714285716,636911698.24196124,NA,0,39075913.330067329,52077390.354655772,NA,15545.345840954085,152.87183278182917,2.2291759999999998,48.483938529092256,0,67524.852942023048,7646155.197666782,NA,0.23050000000000001,43485.750000000007,136.37500000000003,195859154.48336601,NA,33000000,NA,8.2404130238099995,-73.350003704499997
45,Honda,Colombia,23970.239999999998,Small,2.377290114757399,10083.009999999998,40.760000000000005,3.8,0,0,0,0,0,0.67714285714285716,190480653.14939576,NA,0,50613999.236730061,16381228.368657287,NA,15545.345840954085,152.87183278182917,2.2291759999999998,48.483938529092256,0,51731.080638081177,2718358.1041004965,NA,0.1012,43485.750000000007,136.37500000000003,154835637.82730541,NA,13000000,NA,5.1903407988700003,-74.749995769899996
46,Campoalegre,Colombia,30635.744999999995,Small,2.6682284299858559,11481.679999999998,40.760000000000005,3.7037378683199988,58.29,0.2998073635944325,0,0,0,0.67714285714285716,143429803.41580915,NA,1.7925440000000001E-2,16916443.595163792,15817303.147397047,NA,15545.345840954085,169.10482594304042,2.2291759999999998,48.483938529092256,0,83318.625245964911,3856597.8097058386,NA,0.21390000000000001,43485.750000000007,136.37500000000003,178875377.39574909,NA,13000000,NA,2.6900024606400001,-75.330012045999993
47,El Carmen de Bolivar,Colombia,63964,Small,3.4580000000000002,18497.397339502601,40.760000000000005,4.2,94.147999999999996,0.2,0,0,0,0.67714285714285716,316532224.04092783,NA,0.39650000000000002,39075913.330067329,30943410.215741836,NA,15545.345840954085,152.87183278182917,2.2291759999999998,48.483938529092256,0,67524.852942023048,7778758.8151256759,NA,0.84379999999999999,43485.750000000007,136.37500000000003,403195738.96788085,NA,13000000,NA,9.7203743682199999,-75.129998414799999
1,Agartala,India,482442.94573535857,Medium,3.974207650273224,121393,73.860911270983223,102.60768729895828,140.00139999999999,0.75357142857142856,108,0,0,0.14000000000000001,946671601.74413168,NA,0,349411907.96390015,2095878139.6504719,NA,7477.1093832531187,202.65853046450243,26.27408568212417,7.6279603593263765,6.9292328125000004,23405297.760473449,116820916.9034398,NA,0.11068057625434674,15584.800000000001,60.661999999999999,821252192.7477212,NA,33777400,NA,23.8354042755,91.279999144499996
2,Aizawl,India,353887.65953811951,Medium,4.8390533520244086,73132,166.27540073204597,616.99622494242021,181.91792000000001,0.87345679012345678,262,0,0,0.49,638753938.8429327,NA,12.956920723790825,207178319.55590102,79121372.393397078,NA,7477.1093832531187,126.66158154031402,26.27408568212417,7.6279603593263765,0,23405297.760473449,132210244.81452917,NA,0.26365960253978726,34179.786666666667,70,927224011.9011997,NA,33777400,NA,23.710398985800001,92.720014606700005
3,Bangalore,India,10183876.760812402,Large,4.0172949204764796,2535008,132.525558500568,727.7045191334015,9710.2262499999997,0.6408468244084683,3682,0,0,0.42,16725129757.847149,NA,51.448709502731482,623490608.57078338,44438750621.56279,NA,7477.1093832531187,327.53631756159069,25.956254000485576,3.7080362857836535,0,14423399.891132133,6567090757.2769375,NA,7.8665220943072975E-2,37853.199999999997,139.202,37240730434.484566,NA,98832199.999999985,NA,12.9699951365,77.560009723799993
4,Bhopal,India,2168822.2842630199,Large,4.6988894405393395,461561,108.65462509082352,402.33014230381013,1402.61004,0.70133635013787743,593,0,0,0.28000000000000003,3734257322.7214012,NA,100.58253557595253,258664564.88983455,484900196.38502914,NA,7477.1093832531187,202.65853046450243,25.956254000485576,3.7080362857836535,0,14423399.891132133,865344977.17000556,NA,0.26863257466879198,23092.300000000003,59.5,3699345579.3354139,NA,98832199.999999985,NA,23.249987812299999,77.409993040900005
5,Bhubaneswar,India,1017223.1910658216,Large,4.2814892277702192,237586,70.680297866969596,182.26365507051798,2378.3936399999998,0.60908797937479853,110,0,0,0.28000000000000003,1653918170.8992596,NA,5.5043623831296431,258664564.88983455,1895898070.9926398,NA,7477.1093832531187,202.65853046450243,26.132827156951464,2.1188778775906578,0,14423399.891132133,401134550.23560542,NA,0.21461713403862165,20251,65.198000000000008,2244988546.1180477,NA,98832199.999999985,NA,20.270428079199998,85.827360391200003
6,Chandigarh,India,1159765.5644964206,Large,4.4091899104485828,263034,228.82746434431402,157,778.88547000000005,0.80606060606060603,470,0,0,0.28000000000000003,1901655274.362679,NA,10.71,421303330.51817626,1449509226.1174893,NA,7477.1093832531187,202.65853046450243,26.132827156951464,2.1188778775906578,19.5,14423399.891132133,172348276.72333145,NA,9.9519916363653038E-2,39724.300000000003,98.531999999999996,3562890531.8395801,NA,98832199.999999985,NA,30.7199969676,76.780005654799993
7,Chennai,India,5604401.6412904728,Large,4.0232072880789485,1393018,141.36059573393919,1063.879705152357,2416.3006399999999,0.84233875554544424,4599,0,0,0.28000000000000003,9590738660.2425919,NA,32.54,368904372.20152247,13470479617.595022,NA,7477.1093832531187,314.65403414225375,25.956254000485576,3.7080362857836535,0,14423399.891132133,3471866176.6208911,NA,0.2855689525897373,36590.400000000001,110.124,21043365221.797619,NA,98832199.999999985,NA,13.0899878122,80.279998737499994
8,Daman,India,53408.312224510621,Small,4.332028957151242,12329,39.775337624637132,149.86122750242589,19.041259999999998,1,0,0,0,0.25221875000000005,123166854.41253136,NA,0,399734297.50693494,263319564.28665155,NA,7477.1093832531187,212.88034230810669,26.27408568212417,7.6279603593263765,0,4796053.4579697149,12053968.410994582,NA,6.0000000000000001E-3,22303.05,85.914387096774192,108078702.50113724,NA,9936399.9999999981,NA,20.417008279400001,72.850012978999999
9,Dehradun,India,686965.35071162798,Medium,4.5911864516077028,149627,137.82658084059071,405.03034460115111,694.88516000000004,0.71041433370660689,430,0,0,0.19600000000000001,914825212.6124711,NA,0.46500000000000002,292630299.54426229,2392004571.2480741,NA,7477.1093832531187,157.32701707112687,26.132827156951464,2.1188778775906578,0,23405297.760473449,308861262.36080891,NA,0.26488203193641735,20643.7,62.118000000000002,1329452926.2582631,NA,33777400,NA,30.3204089549,78.050005654800003
10,Dispur,India,637497.35184327734,Medium,4.0714439771379274,156578,39.775337624637132,120,718.84568000000002,0.70423169267707086,60,0,0,0.25221875000000005,1116165253.1783562,NA,1.1399999999999999,207178319.55590102,1472327356.0679717,NA,7477.1093832531187,180.37794348945772,26.132827156951464,2.1188778775906578,94,23405297.760473449,52772762.679300606,NA,0.18,34179.786666666667,85.914387096774192,2142423611.5523205,NA,33777400,NA,26.144023049899999,91.766636107400004
11,Gandhinagar,India,248657.05041305005,Medium,4.5669760538732476,54447,93.297993184399843,153.91153094843742,177.30362,0.77304375893392352,0,0,0,0.315,478483886.35537773,NA,0,446522393.21506435,1361437474.447252,NA,7477.1093832531187,111.5510770758555,26.27408568212417,7.6279603593263765,0,23405297.760473449,81814320.930751294,NA,0.54152360277340894,19072.899999999998,70,632240313.47874177,NA,33777400,NA,23.300398172000001,72.639948281800002
12,Gangtok,India,120954.47359530447,Medium,4.2184831531569431,28673,108.65462509082352,25.651921824739571,39.111539999999998,1,0,0,0,0.28000000000000003,247073123.47008902,NA,0,207178319.55590102,325123442.59834749,NA,7477.1093832531187,223.10215415171101,26.27408568212417,7.6279603593263765,0,23405297.760473449,79594028.03417933,NA,0.2174736045093173,23092.300000000003,44.323999999999998,220030733.17119351,NA,33777400,NA,27.333330300899998,88.616647500599996
13,Hyderabad,India,8119180.3023765497,Large,4.33,1875099,139.85863940426606,849.59789195702035,4106.3918999999996,0.79419201040236942,3856,97,0,0.28000000000000003,14004476793.570425,NA,0,225281113.07128146,23535801293.655663,NA,7477.1093832531187,288.87729123229514,25.956254000485576,3.7080362857836535,13,14423399.891132133,4427312088.5184774,NA,0.32636559963991746,29729.7,96.418000000000006,21240700714.817909,NA,98832199.999999985,NA,17.399983132900001,78.479953571500005
14,Imphal,India,323526.6224659998,Medium,4.6437746693442286,69669,108.65462509082352,40.50303446011511,72.425610000000006,0.7345971563981043,0,0,1,0.21,675797926.3486979,NA,0,172078376.43406156,737394989.88593543,NA,7477.1093832531187,96.440572611396988,26.27408568212417,7.6279603593263765,0,23405297.760473449,92028975.755792677,NA,0,21613.9,24.5,425614486.11686254,NA,33777400,NA,24.799970722400001,93.950017048099994
15,Itanagar,India,71750.609598395211,Small,4.4181210545859635,16240,119.4497033951786,225.46689182797411,2.3795999999999999,1,0,0,0,0.28000000000000003,159023565.02247465,NA,3.4,399734297.50693494,16041832.905101264,NA,7477.1093832531187,172.4375215355854,26.27408568212417,7.6279603593263765,0,4796053.4579697149,13117256.24406201,NA,0,71533,85.914387096774192,354831279.24513328,NA,9936399.9999999981,NA,27.100398782399999,93.616600707000003
16,Jaipur,India,3673962.8876462663,Large,5.0811133147736394,723063,125.45752871387103,444.2225149751597,2497.8536599999998,0.83794969754855142,3249,0,0,0.21,5674698281.2802238,NA,111.71,258664564.88983455,821416000.12946677,NA,7477.1093832531187,197.76983784364822,25.956254000485576,3.7080362857836535,165,14423399.891132133,350132266.88622278,NA,0.10318144742263226,29860.600000000002,82.04,7252990848.135664,NA,98832199.999999985,NA,26.921133238700001,75.809987344299998
17,Kavaratti,India,13520.328350949914,Small,4.9910952804986639,2709,108.65462509082352,2.61,0.44840000000000002,1,0,0,0,0.25221875000000005,10388232.972116441,NA,0,399734297.50693494,66659417.272331059,NA,7477.1093832531187,152.20089106021874,26.27408568212417,7.6279603593263765,0,4796053.4579697149,2181675.0708461427,NA,0,22303.05,85.914387096774192,21779105.331557263,NA,9936399.9999999981,NA,10.5625733133,72.6368671667
18,Kohima,India,119450.47275198292,Medium,4.4388221584797423,26910,98.76688123185663,27.002022973410075,24.75975,0.97959183673469385,94,0,0,0.25221875000000005,224124498.844441,NA,0,207178319.55590102,321080715.46873677,NA,7477.1093832531187,86.218760767792702,26.27408568212417,7.6279603593263765,0.8,23405297.760473449,11475077.792362165,NA,0.58608668189106461,34179.786666666667,85.914387096774192,479392641.92145389,NA,33777400,NA,25.666997903399999,94.116570189399994
19,Kolkata,India,5423441.5141611397,Large,4.3873267195354213,1236161,155.49665530733307,1152.98256473843,4901.3964599999999,0.69945529258114869,5267,0,0,0.14000000000000001,7566479910.7212687,NA,0,69556263.81201373,5886402532.6014681,NA,7477.1093832531187,294.21041045504523,25.956254000485576,3.7080362857836535,0,14423399.891132133,3141473627.6073055,NA,0.29344012457460428,28774.899999999998,82.95,14765935448.263111,NA,98832199.999999985,NA,22.494969298299999,88.324675658100006
20,Lucknow,India,3397697.1096434216,Large,5.2348048588773741,649059,92.944591695065014,454.98408710195969,3267.8417999999997,0.65699901928734883,3353,0,0,0.56000000000000005,6804354930.4566956,NA,38.65,423084709.93427253,1151454513.4345577,NA,7477.1093832531187,111.5510770758555,25.956254000485576,3.7080362857836535,0,14423399.891132133,746206194.35114264,NA,0.12195321370103819,25533.200000000001,88.27,6669729418.8384562,NA,98832199.999999985,NA,26.855039081800001,80.914998737499999
21,Mumbai,India,15006687.638268843,Large,4.4756737410071938,3352945,254.44907232109051,853.62446743758471,5225.79666,0.74518547557210757,3600,0,27,0.28000000000000003,28757058886.061443,NA,0,136261714.31466237,27944746217.663956,NA,7477.1093832531187,228.4352733744611,25.956254000485576,3.7080362857836535,0,14423399.891132133,6749139883.7768593,NA,0.40845827338129498,134018.5,271.36200000000002,160574447742.99713,NA,98832199.999999985,NA,19.016990375700001,72.856989297400006
22,New Delhi,India,13308724.96044747,Large,4.7768636363636361,2786080,150.91303799066011,1055.7790982603337,19972.544550000002,0.70141300237219373,5578,0,69,0.42,18451632324.203297,NA,0,181431544.56336635,31783349449.019547,NA,7477.1093832531187,288.87729123229514,25.956254000485576,3.7080362857836535,148.91729776028887,14423399.891132133,5388241930.3203716,NA,0.14373246753246754,49957.600000000006,137.07400000000001,51256808917.754272,NA,98832199.999999985,NA,28.600023009200001,77.1999800201
23,Panaji,India,48264.315755572054,Small,3.9394565859421147,12252,127.00366022971097,100.17137226140898,53.622780000000006,0.86638830897703545,374.4,0,1,0.42,61748753.100324444,NA,0.8,679160605.168293,10790822.446855558,NA,7477.1093832531187,273.76678676783661,26.27408568212417,7.6279603593263765,0,4796053.4579697149,14008529.448814742,NA,0.29399999999999998,32186,122.5,177403947.35262451,NA,9936399.9999999981,NA,15.491996997399999,73.8180006499
24,Patna,India,2031332.2440583021,Large,5.7167460931666056,355330,84.816357440363504,102.60768729895828,1684.222,0.46075187969924813,293.60000000000002,0,0,0.14000000000000001,3314773662.1960907,NA,0,273857556.71751869,7037482702.9264107,NA,7477.1093832531187,187.54802600004393,25.956254000485576,3.7080362857836535,0,14423399.891132133,750056330.51715279,NA,4.6488262528342365E-2,28266.7,62.454000000000001,3415120517.8344216,NA,98832199.999999985,NA,25.6249591258,85.130038613799996
25,Pondicherry,India,291601.27978538926,Medium,4.4000000000000004,66273,100.80777483276538,182.26365507051801,217.59570000000002,0.95969773299748107,111,0,1,0.14000000000000001,466350257.56020612,NA,0,202576692.05248237,768193147.28980684,NA,7477.1093832531187,299.09910307589945,26.27408568212417,7.6279603593263765,23.88,5899096.0778966919,48032345.722337529,NA,0.18377670566378998,21583.1,56,626297122.90145922,NA,33777400,NA,11.934993712300001,79.830000365100005
26,Port Blair,India,120833.86406496594,Medium,3.9948981478058339,30247,108.65462509082352,650.74875365918274,29.053939999999997,1,139,0,0,0.25221875000000005,223384734.61975572,NA,0,207178319.55590102,324799246.3569994,NA,7477.1093832531187,385.31786384369212,26.27408568212417,7.6279603593263765,0,23405297.760473449,137329105.74387127,NA,0.12288809198121926,34179.786666666667,85.914387096774192,378032506.02433789,NA,33777400,NA,11.6670255727,92.735982624299993
27,Raipur,India,1218678.495685582,Large,4.6947316089524085,259584,58.94736842105263,121.50723651887085,1283.24991,0.75644378035113935,30,0,110,0.14000000000000001,2353575404.1776152,NA,27.873100000000001,194110385.46713075,272469277.99294305,NA,7477.1093832531187,151.99389784837683,26.132827156951464,2.1188778775906578,0,13860775.370946595,351176361.75667489,NA,0.39959205861718095,27904.800000000003,131.50200000000001,3917088623.7451253,NA,98832199.999999985,NA,21.234994526099999,81.635006468599997
28,Ranchi,India,1294655.2632270395,Large,3.2903489815623708,393471,53.01022340022719,156.6117332457784,53.671350000000004,0.91828793774319062,91,0,0,0.21,3027805406.1277122,NA,0,106495314.22538668,1962077146.0707228,NA,7477.1093832531187,126.66158154031402,26.132827156951464,2.1188778775906578,0,14423399.891132133,320943846.79242635,NA,4.4219657608778946E-2,27365.8,70,3892411296.0645556,NA,98832199.999999985,NA,23.3700063263,85.330026406800002
29,Shillong,India,172747.82420858208,Medium,4.6165672844480259,37419,91.707686482393044,880.26594893316826,11.458320000000001,0.96363636363636362,206,0,0,0.14000000000000001,339095537.0573802,NA,0,207178319.55590102,464343034.52045864,NA,7477.1093832531187,172.4375215355854,26.27408568212417,7.6279603593263765,5,23405297.760473449,16404901.165352054,NA,9.6438356164383565E-2,11542.300000000001,100.324,283208154.41800517,NA,33777400,NA,25.570492166099999,91.880014199800002
30,Silvassa,India,118516.95498716265,Medium,4.0765401369010581,29073,60.413984601792251,87.75657466358274,0,..,21,0,21,0.25221875000000005,281471645.57066995,NA,0,207178319.55590102,318571436.56070256,NA,7477.1093832531187,162.21570969198112,26.27408568212417,7.6279603593263765,0,23405297.760473449,56705891.17403511,NA,0,34179.786666666667,85.914387096774192,345037068.96212661,NA,33777400,NA,20.266578185,73.016617796700004
31,Simla,India,204527.22935748301,Medium,3.6621172202306398,55849,118.33648870377382,662.8996639972172,522.30024000000003,0.79846362403976501,3158,0,27,0.14000000000000001,250165825.88007063,NA,0,207178319.55590102,549765502.15326738,NA,7477.1093832531187,180.37794348945772,26.27408568212417,7.6279603593263765,0,23405297.760473449,108815146.4122657,NA,1.9155185073208656E-2,33872.299999999996,77,620776911.09398568,NA,33777400,NA,31.100025450699999,77.1665970448
32,Srinagar,India,1423879.9323176574,Large,6.457235996477583,220509,105.97627161428754,39.152933311444599,708.34199999999998,0.99432463110102154,20,0,0,0.14000000000000001,2705760159.895246,NA,0,258664564.88983455,4681066623.6262512,NA,7477.1093832531187,243.54577783891961,26.132827156951464,2.1188778775906578,10,14423399.891132133,534734922.5787372,NA,0.28797400849974564,145453,85.75,10022051148.698851,NA,98832199.999999985,NA,34.099971536300004,74.815009316900003
33,Thiruvananthapuram,India,896962.22226996359,Medium,3.9813857124502121,225289,212.04089360090876,326.7244779782618,1137.8472300000001,0.81796317173994737,201,0,2,0.14000000000000001,1233986816.8701572,NA,0,147442586.65970939,1787067112.670768,NA,7477.1093832531187,116.43976969670975,26.132827156951464,2.1188778775906578,0,23405297.760473449,298470072.38855952,NA,4.4648593087498398E-3,32586.400000000001,78.932000000000002,2196399927.7511554,NA,70267699.999999985,NA,8.4999837432100005,76.950021117099993
34,Kurnool,India,518879.08485063037,Medium,4.3021399999999996,120610,71.56380159030671,99.391480730223122,262.43053999999995,0.79419201040236942,1061,0,2,0.21,893259954.24402297,NA,0,382950815.48123109,2456822753.0634151,NA,7477.1093832531187,208.88050289104416,26.132827156951464,2.1188778775906578,0,23405297.760473449,309734349.21125829,NA,0.32680999999999999,24247.3,67.662000000000006,1361250471.0173576,NA,33777400,NA,15.8300014434,78.030006875500007
35,Sirsa,India,221055.55939507601,Medium,5.0911666666666671,43419,112.55837435314906,33.799999999999997,119.13330000000001,0.65427995971802622,0,0,0,0.25221875000000005,415519628.51792443,NA,0,83219953.906071469,275098700.6864211,NA,7477.1093832531187,178.65949396212716,26.27408568212417,7.6279603593263765,0,941783.48773317807,26416553.142701607,NA,3.6694444444444446E-2,34179.786666666667,85.914387096774192,507465818.72041023,NA,33777400,NA,29.490382099400001,75.029983275299998
36,Aurangabad,India,1417301.8885329936,Large,4.8963166666666664,289463,50.200681560015155,63.3,493.54871999999995,0.74518547557210757,49,0,1,0.28000000000000003,3256299613.964088,NA,0,115153966.74863443,2290858140.9359341,NA,7477.1093832531187,253.32316308062804,26.132827156951464,2.1188778775906578,0,14423399.891132133,705263308.11493623,NA,0.17384583333333334,21359.8,79.8,2808721461.9137654,NA,98832199.999999985,NA,19.895696430400001,75.320301471899995
37,Bhiwani,India,236463.42689582403,Medium,5.027102564102564,47038,74.965290925154619,26.6,127.43705,0.65427995971802622,0,2,1,0.14000000000000001,443867860.64735341,NA,0,135804860.55953482,439073037.24712646,NA,7477.1093832531187,178.65949396212716,26.27408568212417,7.6279603593263765,0,23405297.760473449,124607695.18752927,NA,9.4102564102564096E-2,14306.6,58.323999999999998,284758472.42625487,NA,33777400,NA,28.810010191899998,76.125006875500006
38,Jullundur,India,1039890.5461976461,Large,4.5378736842105267,229158,100.71942446043167,107,698.37876000000006,0.80606060606060603,0,0,1,0.21,1860286038.6337843,NA,0,223708463.42310071,2995380491.02355,NA,7477.1093832531187,249.97474347730324,26.132827156951464,2.1188778775906578,12.80625,14423399.891132133,318262651.3717922,NA,0.15878947368421054,34642.300000000003,79.323999999999998,2936337527.2143826,NA,98832199.999999985,NA,31.334920673599999,75.569020140500001
39,Karur,India,85608.644634293029,Small,3.6693548387096775,23331,69.973494888299896,25.5,36.909599999999998,0.84233875554544424,0,0,0,0.25221875000000005,179735634.7945444,NA,0,399734297.50693494,422077202.3184709,NA,7477.1093832531187,202.82138541793685,26.27408568212417,7.6279603593263765,0,4796053.4579697149,18408440.642384119,NA,0.29399999999999998,22303.05,85.914387096774192,257865958.7937063,NA,19245149.999999996,NA,10.9503768096,78.083336953699998
40,Jorhat,India,152855.6943698473,Medium,4.2245333333333335,36183,73.754890824182766,35.6,172.36096000000003,0.70423169267707086,0,0,1,0.28000000000000003,255667043.17329228,NA,0,101660475.1170758,223049913.58116704,NA,7477.1093832531187,180.37794348945772,26.27408568212417,7.6279603593263765,0,23405297.760473449,81324207.124184206,NA,0.29399999999999998,23600.500000000004,31.5,347744661.01393807,NA,33777400,NA,26.749980895,94.2166674387
41,Sopore,India,73571.813506507111,Small,6.1423824388279122,11978,110.04922377887165,14.2,36.6,0.99432463110102154,0,0,0,0.25221875000000005,140234918.37109843,NA,0,399734297.50693494,362731887.0305258,NA,7477.1093832531187,202.82138541793685,26.27408568212417,7.6279603593263765,0,4796053.4579697149,15820158.906529035,NA,0.29399999999999998,22303.05,85.914387096774192,127696954.23531973,NA,9936399.9999999981,NA,34.299959329300002,74.4666584868
42,Tezpur,India,91108.43921773028,Small,4.2419137466307282,21478,81.833648870377388,15,110.2884,0.70423169267707086,0,0,0,0.25221875000000005,141404453.06392866,NA,0,189319723.52178472,225950504.31187081,NA,7477.1093832531187,202.82138541793685,26.27408568212417,7.6279603593263765,0,4796053.4579697149,19591062.357363988,NA,0.29399999999999998,22303.05,56,213982849.53166682,NA,24830399.999999996,NA,26.633760598799999,92.800009723900004
1,Johor Bahru,Malaysia,638111.04853012064,Medium,4.17,153024.23226141982,1149.9517839922855,1425.8617616249999,1915.062984141276,7.7063925940538333E-2,709,0,17,0.60223048327137552,4570302244.1554117,NA,15.8,2502788887.4278846,24735351.622064345,NA,31329.004327295999,334.56984462061013,10.755760368663594,5.2703140174813869,8.06,106778.12728370349,59318486.207291745,NA,0,51540.5,172.24,2350895068.742281,NA,70645000,NA,1.4800246367400001,103.730040242
2,Alor Setar,Malaysia,442162.47147179494,Medium,4.29,103068.17516825057,638.86210221793647,660,1105.9984766118837,0.1006120919997015,58,0,1,0.76827757125154894,3869255547.1323633,NA,173.91237524879747,3106506801.430501,17139719.224622678,NA,31329.004327295999,334.56984462061013,10.755760368663594,5.2703140174813869,26,203415.9831200029,40104838.241009608,NA,5.3063854476752487E-4,69861.001051378509,61.51,2146444456.7113986,NA,70645000,NA,6.1133077178099997,100.372932494
3,Kota Bharu,Malaysia,316636.58942829666,Medium,4.8600000000000003,65151.561610760626,638.86210221793647,540.05854317187504,717.20736871586519,0.20288160426263183,115.64,0,0,0.49566294919454768,2889705118.272222,NA,142.30736972185761,2230274531.4595323,12273909.680707311,NA,31329.004327295999,290.96141744569019,10.755760368663594,5.2703140174813869,0,85799.36580561116,25736490.730829459,NA,2.9749045551455227E-4,69861.001051378509,210.4560236092089,1397083354.9401929,NA,70645000,NA,6.1199739775799999,102.229976765
4,Malacca City,Malaysia,600258.55594889156,Medium,4.05,148211.9891231831,894.40694310511105,115.64,410.73539613953488,5.234259164986952E-2,63,0,2,0.74349442379182151,7557015062.9249468,NA,30.471556172380211,2230274531.4595323,23268060.441438302,NA,31329.004327295999,273.75,10.755760368663594,5.2703140174813869,0,174382.13184708232,49489463.456966676,NA,7.4155370331919438E-5,44962.5,104.57,1986396680.0304186,NA,70645000,NA,2.20641440725,102.246461547
5,Seremban,Malaysia,382457.86131710035,Medium,4.2,91061.395551690555,894.40694310511105,959,2336.5107121394235,2.1173913311586207E-2,109,0,2,0.49566294919454768,1741442803.252085,NA,252.69995130847997,1353535467.7027416,14825365.744869482,NA,31329.004327295999,334.56984462061013,10.755760368663594,5.2703140174813869,0,174382.13184708232,36777450.733987585,NA,2.0513119646902128E-3,13560.251052998528,500,1063241329.0021274,NA,70645000,NA,2.7104921660399999,101.940020303
6,Kuantan,Malaysia,435629.86188448599,Medium,4.59,94908.466641500214,894.40694310511105,794.4692,512.60215316142921,0.20195263980558756,90,0,2,0.49566294919454768,5009770832.6747255,NA,1.6335000000000002,2230274531.4595323,7746449024.753273,NA,31329.004327295999,296.55682931964577,10.755760368663594,5.2703140174813869,0,265554.3267970442,38375069.812520169,NA,4.644400046025586E-3,69861.001051378509,123.03,1977779587.069206,NA,70645000,NA,3.8299587187799999,103.320039428
7,George Town,Malaysia,245481.03391021231,Medium,3.94,62304.83094167825,894.40694310511105,371.66534606249996,1811.420012647523,0.21527306312686928,521,0,1,0.49566294919454768,951777572.65950036,NA,274.73809999999997,2230274531.4595323,9515678.6648717374,NA,31329.004327295999,408.46506679875733,10.755760368663594,5.2703140174813869,0,174382.13184708232,28164894.968562163,NA,1.9870305348151126E-4,55115.5,246.06,1023615611.0544866,NA,70645000,NA,5.4136131555800002,100.329367867
8,Ipoh,Malaysia,814430.84832553728,Medium,4.04,201591.79413998447,894.40694310511105,466.43836837500004,645.16662843766619,0.34974331959536642,144,0,2,0.49566294919454768,10038972595.469587,NA,130.47160000000002,2230274531.4595323,31570105.942519832,NA,31329.004327295999,302.15224119360136,10.755760368663594,5.2703140174813869,0,174382.13184708232,72641582.432407126,NA,5.6146769887483361E-4,43989,172.24,2643635635.7713585,NA,104717500,NA,4.5999892363599999,101.064983275
9,Kangar,Malaysia,14303.159213903282,Small,4.26,3357.5491112449022,894.40694310511105,26.19,79.09,0.27893932999033888,28,0,2,0.74349442379182151,486779.27067512611,NA,12.8918,1607617291.8673382,554439.03263738449,NA,31329.004327295999,275.58149229887863,10.755760368663594,5.2703140174813869,26,174382.13184708232,1112783.8090992784,NA,0,27135.557659431186,148.2696117306898,27157233.934412871,NA,20470000,NA,6.4330019913500003,100.189998682
10,Kota Kinabalu,Malaysia,559620.69827927032,Medium,5.88,95173.588142733046,638.86210221793647,470.37356985937498,150.95907279973031,0.500094863307876,681,0,2,0.49566294919454768,7201172234.5697508,NA,123.94512846742435,2230274531.4595323,21692799.049332764,NA,31329.004327295999,334.56984462061013,10.755760368663594,5.2703140174813869,0,29718.720789904695,48694477.254485689,NA,3.042531590608698E-3,132517.38989146583,1075,6528141578.6876698,NA,70645000,NA,5.9799825225000003,116.110008096
11,Kuching,Malaysia,741051.95249689638,Medium,4.47,165783.43456306407,894.40694310511105,578.94811866281248,151.43252162653917,0.35620724596876568,216,0,2,0.74349442379182151,10006400965.279514,NA,152.55491282192784,2230274531.4595323,28725690.704543293,NA,31329.004327295999,433.70202066708765,10.755760368663594,5.2703140174813869,96.225562499999995,118921.07651317226,82926864.159709156,NA,4.0821204382775842E-3,59950,106.62,2964667898.3938446,NA,70645000,NA,1.52996990855,110.329999145
12,Shah Alam,Malaysia,548682.26009214472,Medium,3.93,139613.80663922257,1149.9517839922855,304.815,843.0194196836876,9.2330624527538499E-2,1351,0,3,0.74349442379182151,5493695766.5442266,NA,80.319849487063934,4704678723.3108349,21268788.03216261,NA,31329.004327295999,275.58149229887863,10.755760368663594,5.2703140174813869,4.2,174382.13184708232,45040948.930247441,NA,1.0185239083657423E-2,82213.84551838084,210.4560236092089,3425959133.0314388,NA,70645000,NA,3.06669599645,101.549997672
13,Kuala Terengganu,Malaysia,417870.37408089789,Medium,4.78,87420.580351652272,894.40694310511105,61.994080000000004,286.61755035182119,0.45788490576851326,38,0,1,0.74349442379182151,5263785735.9495554,NA,3.8498323680000004,817860441.80366302,866847834.01571989,NA,31329.004327295999,334.56984462061013,10.755760368663594,5.2703140174813869,0,174382.13184708232,39309946.681364141,NA,3.5435312976777214E-3,27915.461930331818,210.4560236092089,728419784.70176244,NA,70645000,NA,5.33040976859,103.11999995799999
14,Kuala Lumpur,Malaysia,1966777.2374146476,Large,3.72,528703.55844479776,1661.0414657666347,162.8216203359375,1539.453,0,3200,0,1,0.74349442379182151,22820068099.614353,NA,15.7956,7495160908.8606577,53949530873.786331,NA,31329.004327295999,721.8081317402698,10.755760368663594,5.2703140174813869,0,174382.13184708232,373209800.79709852,NA,0.24062688763261827,78019.578686493187,307.81660470879802,12707525247.892347,NA,209435000,NA,3.1666658720999998,101.69998327499999
15,Victoria,Malaysia,85078.667139927027,Small,4.72,18025.141343204879,1149.9517839922855,32.4,117.39717391304347,0,23,0,1,0.74349442379182151,878523849.08967817,NA,8.9803292783505153,1607617291.8673382,3297938.1129510896,NA,31329.004327295999,275.58149229887863,10.755760368663594,5.2703140174813869,0,174382.13184708232,6835655.7615254046,NA,3.5737685389242954E-4,27135.557659431186,148.2696117306898,145815605.50573951,NA,40751250,NA,5.2810360000000003,115.247992
16,Putrajaya,Malaysia,84626.819025587873,Small,3.45,24529.512761039961,1661.0414657666347,162.8216203359375,147.99100000000001,0,250,0,2,0.99132589838909535,740361653.68261659,NA,45.129375439854662,1607617291.8673382,3280422.9453110811,NA,31329.004327295999,275.58149229887863,10.755760368663594,5.2703140174813869,5.25,174382.13184708232,6921153.874659868,NA,0,56397,147.63,412353165.34417361,NA,36695000,NA,2.9140197946200002,101.70194698
17,Cukai,Malaysia,21236.861373940697,Small,4.78,4442.8580280210663,894.40694310511105,79.900000000000006,130.84589162580448,0.45788490576851326,0,0,1,0.74349442379182151,784554.98244330101,NA,4.9617900000000006,1607617291.8673382,823212.87908034702,NA,31329.004327295999,275.58149229887863,10.755760368663594,5.2703140174813869,0,174382.13184708232,1702195.0510845953,NA,3.5435312976777214E-3,27135.557659431186,148.2696117306898,35986666.108151168,NA,20470000,NA,4.2332415963900001,103.44788692100001
18,Donggongon,Malaysia,1729.4022348816759,Small,5.88,294.11602634042106,638.86210221793647,33.200000000000003,10.655023024464171,0.500094863307876,0,0,0,0.74349442379182151,250231.08687746266,NA,9.2020658037418865,1607617291.8673382,67037.504638603612,NA,31329.004327295999,275.58149229887863,10.755760368663594,5.2703140174813869,0,174382.13184708232,133723.18393435774,NA,3.042531590608698E-3,27135.557659431186,148.2696117306898,2381830.3574401056,NA,20470000,NA,5.9168279999999998,116.08972799999999
19,Semenyih,Malaysia,25338.156724093158,Small,3.93,6447.3681231789205,1149.9517839922855,29.7,82.140566457049431,9.2330624527538499E-2,41,0,0,0.74349442379182151,65195230.576376438,NA,8.2319685051546383,1573379751.778923,982193.01713882526,NA,31329.004327295999,275.58149229887863,10.755760368663594,5.2703140174813869,0.61015870389805071,453095.46593235113,2007413.5371363421,NA,0.22055511223064347,61716.526353276349,148.2696117306898,123213741.75857247,NA,20470000,NA,2.9474420000000001,101.845144
20,Simpang Empat,Malaysia,2945.0593534599193,Small,3.94,747.47699326393888,894.40694310511105,8,11.06541266209001,0.34974331959536642,0,0,0,0.74349442379182151,4571093.5333839068,NA,2.2173652539137074,1607617291.8673382,114160.50360432212,NA,31329.004327295999,275.58149229887863,10.755760368663594,5.2703140174813869,0,174382.13184708232,245551.5800531116,NA,5.6146769887483361E-4,27135.557659431186,148.2696117306898,6047260.1922441898,NA,20470000,NA,4.9486689999999998,100.629544
1,Stockholm,Sweden,977357.4,Medium,2.1241806545049928,452953,15262.803980213965,NA,NA,NA,NA,NA,NA,NA,NA,NA,75.3,NA,5775463731.9362144,NA,NA,NA,NA,NA,NA,NA,NA,NA,0,299623.70431043737,7206.4459906728616,23729659549.416069,NA,80112150681.168747,NA,59.350759954300003,18.0973347328
2,Uppsala,Sweden,228613.6,Medium,2.1616297377212859,104164,1381.1967099965489,NA,NA,NA,NA,NA,NA,NA,NA,NA,30.23,NA,2311286120.2142224,NA,NA,NA,NA,NA,NA,NA,NA,NA,0,212648.99973464952,7126.6698357945643,3732875128.2064037,NA,19658503597.478436,NA,59.860052916599997,17.639997923500001
3,Goteborg,Sweden,579035.1,Medium,2.1417073947156529,267015,14206.594731393076,NA,NA,NA,NA,NA,NA,NA,NA,NA,84.22,NA,6436250058.7599192,NA,NA,NA,NA,NA,NA,NA,NA,NA,0,269740.23998927482,6366.1371592881296,10151389769.56102,NA,55236560693.284241,NA,57.7500008333,12.000032103100001
4,Malmo,Sweden,344590.8,Medium,2.171228011799561,156277,11072.787070056367,NA,NA,NA,NA,NA,NA,NA,NA,NA,26.41,NA,2025692559.5161273,NA,NA,NA,NA,NA,NA,NA,NA,NA,0,239103.31131060031,6738.4258820535179,6419547750.5995388,NA,31098776274.740604,NA,55.583337218300002,13.033302366799999
5,Vasteraas,Sweden,153817.4,Medium,2.1865052549854069,69553,15193.16380996204,NA,NA,NA,NA,NA,NA,NA,NA,NA,27.580000000000002,NA,2106105079.4912634,NA,NA,NA,NA,NA,NA,NA,NA,NA,0,212648.99973464952,6227.8584908324146,1903213954.3865356,NA,13824103060.301394,NA,59.630015278199998,16.5400133857
6,Umea,Sweden,128558.1,Medium,2.081358984854687,61075,15181.557114920051,NA,NA,NA,NA,NA,NA,NA,NA,NA,27.41,NA,2092057771.6794505,NA,NA,NA,NA,NA,NA,NA,NA,NA,0,212648.99973464952,5961.9379745714223,1635805060.5700521,NA,11536959696.836538,NA,63.8299914746,20.2399942614
7,Gavle,Sweden,102249.60000000001,Medium,2.1060115414954126,48174,14566.402277694695,NA,NA,NA,NA,NA,NA,NA,NA,NA,31.2,NA,2379323909.7988911,NA,NA,NA,NA,NA,NA,NA,NA,NA,0,212648.99973464952,5446.0521730250994,887605320.00701272,NA,9816928274.2114353,NA,60.6669804068,17.166641803699999
8,Vaxjo,Sweden,93716.3,Small,2.1900018926847733,42268,14752.109398366501,NA,NA,NA,NA,NA,NA,NA,NA,NA,18.86,NA,1439734617.4337928,NA,NA,NA,NA,NA,NA,NA,NA,NA,0,212648.99973464952,5589.6492518060359,1231055240.0864151,NA,9101697262.4594517,NA,56.883697122299999,14.8167077216
9,Lulea,Sweden,78274.600000000006,Small,2.0423522002676533,38109,15715.465086851489,NA,NA,NA,NA,NA,NA,NA,NA,NA,23.96,NA,1827150631.7317019,NA,NA,NA,NA,NA,NA,NA,NA,NA,0,212648.99973464952,5350.3207871711429,515991050.43626821,NA,7535762822.9610014,NA,65.596634772300007,22.158378329400001
10,Kalmar,Sweden,69191.7,Small,2.1109228162070561,32455,15262.803980213965,NA,NA,NA,NA,NA,NA,NA,NA,NA,17.55,NA,1338903090.7911925,NA,NA,NA,NA,NA,NA,NA,NA,NA,0,212648.99973464952,5887.4802300183455,767574475.11574161,NA,6398354992.6975718,NA,56.667017841700002,16.366587278899999
11,Vanersborg,Sweden,39653,Small,2.1880413057961361,18012,14299.448291728977,NA,NA,NA,NA,NA,NA,NA,NA,NA,7.11,NA,542897705.77006841,NA,NA,NA,NA,NA,NA,NA,NA,NA,0,212648.99973464952,5430.0969420494403,263015348.90438077,NA,4057616554.2068315,NA,58.363002139300001,12.330000608900001
12,Harnosand,Sweden,25160.400000000001,Small,2.0444372100594124,12287,13637.866674335672,NA,NA,NA,NA,NA,NA,NA,NA,NA,5.59,NA,426553846.19558084,NA,NA,NA,NA,NA,NA,NA,NA,NA,0,212648.99973464952,5095.0370915605918,47408859.878750272,NA,2765692506.9918313,NA,62.633997039100002,17.9340036175
13,Mariestad,Sweden,24426.7,Small,2.0886108492587199,11669,15053.883469458182,NA,NA,NA,NA,NA,NA,NA,NA,NA,5.57,NA,425004505.43095469,NA,NA,NA,NA,NA,NA,NA,NA,NA,0,212648.99973464952,4978.0320644057556,67768423.558915004,NA,2480265305.1972852,NA,58.705002087799997,13.8279965878
14,Sundsvall,Sweden,99239.5,Small,2.1002422130625078,47066,15587.791441389623,NA,NA,NA,NA,NA,NA,NA,NA,NA,40.82,NA,3111381080.149157,NA,NA,NA,NA,NA,NA,NA,NA,NA,0,212648.99973464952,5626.8781240825738,445987406.7330268,NA,9575265741.010006,NA,62.400052916600004,17.316658486600002
15,Norrkoping,Sweden,143037.6,Medium,2.1819805944863697,64930,14438.728632232829,NA,NA,NA,NA,NA,NA,NA,NA,NA,27.6,NA,2107098594.8240273,NA,NA,NA,NA,NA,NA,NA,NA,NA,0,212648.99973464952,6121.4902843280179,1484053829.4100668,NA,13307182182.965605,NA,58.595427265600001,16.178691771099999
16,Bollnas,Sweden,27071.200000000001,Small,2.0500531672489748,13166,13753.933624755549,NA,NA,NA,NA,NA,NA,NA,NA,NA,10.15,NA,773747810.57290828,NA,NA,NA,NA,NA,NA,NA,NA,NA,0,212648.99973464952,5126.9475535119109,95349267.410970986,NA,2763303849.1521912,NA,61.3520031933,16.366587278899999
17,Trollhattan,Sweden,59152.1,Small,2.2016119962511715,26675,14032.494305763257,NA,NA,NA,NA,NA,NA,NA,NA,NA,12.21,NA,931952030.7220434,NA,NA,NA,NA,NA,NA,NA,NA,NA,0,212648.99973464952,5515.1915072529582,459820758.98768568,NA,5827649619.0728178,NA,58.267101052999998,12.2999621161
18,Borlange,Sweden,52627.9,Small,2.1694014040626426,24073,13220.02565282411,NA,NA,NA,NA,NA,NA,NA,NA,NA,15.65,NA,1193531266.4822066,NA,NA,NA,NA,NA,NA,NA,NA,NA,0,212648.99973464952,5642.8333550582338,437285992.46878296,NA,5493578758.3572998,NA,60.483322366499998,15.4166711005
19,Skelleftea,Sweden,72527.5,Small,2.107456523003548,34386,15715.465086851489,NA,NA,NA,NA,NA,NA,NA,NA,NA,24.84,NA,1893813228.4140062,NA,NA,NA,NA,NA,NA,NA,NA,NA,0,212648.99973464952,5041.8529883083938,90973555.157067701,NA,8390934364.0308275,NA,64.772078673500005,20.950028441099999
20,Kiruna,Sweden,22981.3,Small,2.1095513349848609,10899,16423.473484412745,NA,NA,NA,NA,NA,NA,NA,NA,NA,6.8100000000000005,NA,519318827.79558188,NA,NA,NA,NA,NA,NA,NA,NA,NA,0,212648.99973464952,5243.9525806667471,2658861.7002185667,NA,2504948567.1413779,NA,67.8500044954,20.216636514000001
